Unnamed: 0,title,abstract,author_keywords,document_type,year,assessment|0,assessment|1,assessment|2,assessment|3,context|0,context|1,context|2,context|3,context|4,context|5,method|7,method|3,method|4,method|9,method|0,method|1,method|2,method|8,method|5,method|6,relevance|1,technology|0,technology|1,technology|2,technology|3,technology|4,technology|5,technology|6,technology|7,technology|8,technology|9,technology|16,technology|10,technology|11,technology|?,technology|13,technology|14,technology|15,technology|17,technology|17-ids,technology|17-doi,technology|18,technology|18-ids,technology|17-relevance,technology|18-relevance
713692,Iron fertilisation and century-scale effects of open ocean dissolution of olivine in a simulated CO2 removal experiment,"Carbon dioxide removal (CDR) approaches are efforts to reduce the atmospheric CO2 concentration. Here we use a marine carbon cycle model to investigate the effects of one CDR technique: the open ocean dissolution of the iron-containing mineral olivine. We analyse the maximum CDR potential of an annual dissolution of 3 Pg olivine during the 21st century and focus on the role of the micronutrient iron for the biological carbon pump. Distributing the products of olivine dissolution (bicarbonate, silicic acid, iron) uniformly in the global surface ocean has a maximum CDR potential of 0.57. gC/g-olivine mainly due to the alkalinisation of the ocean, with a significant contribution from the fertilisation of phytoplankton with silicic acid and iron. The part of the CDR caused by ocean fertilisation is not permanent, while the CO2 sequestered by alkalinisation would be stored in the ocean as long as alkalinity is not removed from the system. For high CO2 emission scenarios the CDR potential due to the alkalinity input becomes more efficient over time with increasing ocean acidification. The alkalinity-induced CDR potential scales linearly with the amount of olivine, while the iron-induced CDR saturates at 113 PgC per century (on average similar to 1.1 PgC. yr(-1)) for an iron input rate of 2.3. Tg. Fe. yr(-1) (1% of the iron contained in 3 Pg olivine). The additional iron-related CO2 uptake occurs in the Southern Ocean and in the iron-limited regions of the Pacific. Effects of this approach on surface ocean pH are small (<0.01).",geoengineering; carbon dioxide removal; enhanced weathering; biological carbon pump; iron fertilisation; ocean alkalinisation,Article,2016.0,0.0,0.0,0.0,1.0,0.0,0.0,0.0,0.0,0.0,1.0,0.0,0.0,0.0,0.0,0.0,0.0,1.0,0.0,0.0,0.0,1.0,0.0,0.0,0.0,0.0,0.0,0.0,0.0,0.0,0.0,0.0,0.0,1.0,1.0,0.0,0.0,0.0,0.0,0.0,,,1,,1,1
626607,"Why NH3 is not a candidate reagent for ambient CO2 fixation: A response to ""Alternative solution to global warming arising from CO2 emissions - Partial neutralization of tropospheric H2CO3 with NH3""","It has been proposed that application of area, or ammonium sulfate (plus lime) to nonagricultural land to evolve ammonia may provide a ""solution"" to increasing CO2 concentrations by neutralizing atmospheric carbonic acid to ammonium bicarbonate at ambient concentrations and subsequent storage in the surface ocean (Apak [2007]. Environmental Progress 26, 355-359). We identify a series of major flaws in this hypothesis, which indicate that The approach is unfeasible and would not succeed if attempted at any scale., (i) The phenomenal energy cost associated with breaking the N  N bond and evolving H-2 for NH3 production (and associated fossil fuel CO2 emissions under the current energy generation market); 00 the radiative forcing associated with substantially increasing the concentration of ammonia in the atmosphere, and (in) a number of unwanted indirect effects, including eutrophication, enhanced N2O emissions, and the inhibition of the oxidation of strong greenhouse gases such as methane in the atmosphere. We strongly urge future efforts to be directed away from this approach and suggest that engagement with the climate, earth-system, and biogeochemistry communities is essential when putting forward ideas for potential geoengineering approaches to mitigate global climate change. (C) 2008 American Institute of Chemical Engineers.",ammonia; ambient CO2 fixation; GEO engineering,Article,2008.0,0.0,0.0,0.0,0.0,0.0,0.0,0.0,0.0,1.0,0.0,0.0,0.0,0.0,0.0,0.0,0.0,0.0,0.0,1.0,0.0,1.0,0.0,0.0,0.0,0.0,0.0,0.0,0.0,0.0,1.0,0.0,0.0,0.0,0.0,0.0,0.0,0.0,0.0,0.0,,,0,,1,1
671620,Contribution of iron to the energetics of CO2 sequestration in Mg-silicates-based rock,"The main purpose of this paper is to investigate the contribution of iron to the energy requirements of a process for producing magnesium hydroxide [Mg(OH)(2)) from alkaline-earth Mg-silicate rock that contains iron, such as serpentinite. Once produced Mg(OH)(2) could be used to sequester carbon either by direct mineralization at a power plant or from the air, or as a means to deliver alkalinity to the ocean thus tending to restore oceanic pH and sequester atmospheric carbon. Fe-containing by-products obtained from producing Mg(OH)(2) are considered to be beneficial as secondary raw materials for iron-and steel-making industries. It has been proposed that this could further reduce CO2 emissions as well as raw material costs. However, this study hypothesized that the extent of this benefit, if any, would depend on energy intensity of reactions involving iron compounds. Using Aspen Plus (R) software, the contribution of iron to the energy input requirement of CO2 sequestration was modeled. Results obtained showed that the extraction of iron from Mg-silicate minerals could present a significant energy penalty to the mineralization process. Exergy analysis shows that at the experimental optimal temperature of 400 degrees C, the energy penalties of having iron oxide (FeO), hematite (Fe2O3) and magnetite (Fe3O4) as dominant iron compounds results are (for 10 wt.% Fe in the rock) an increase of 0.3 GJ/t CO2 (7%), 0.7 GJ/t CO2 (20%) and 2.2 GJ/t CO2 (60%) respectively when compared to an iron-free base case. Recovery of input raw material, ammonium sulfate (AS) by evaporative crystallization is a major energy intensive step in this process. However, our model applied mechanical vapor recompression (MVR), which resulted in a significant reduction in energy demand. It can be concluded that the benefit of producing useful Fe by-products comes with an energy penalty, the extent of which varies with the form of Fe compound in the mineral. The findings in this paper are useful in determining which Mg-silicate-based rocks would be energy efficient for use. (C) 2011 Elsevier Ltd. All rights reserved.",Mineral carbonation; Mg-silicates; Magnesium hydroxide; Iron compounds; CO2 mineralization; Exergy analysis,Article,2012.0,0.0,0.0,0.0,1.0,0.0,0.0,0.0,0.0,0.0,1.0,0.0,0.0,0.0,0.0,0.0,0.0,1.0,0.0,0.0,0.0,1.0,0.0,0.0,0.0,0.0,0.0,1.0,0.0,1.0,0.0,0.0,0.0,1.0,0.0,0.0,0.0,0.0,0.0,0.0,,,1,,1,1
44923,Impacts of artificial ocean alkalinization on the carbon cycle and climate in Earth system simulations,"Using the state-of-the-art emissions-driven Max Planck Institute Earth system model, we explore the impacts of artificial ocean alkalinization (AOA) with a scenario based on the Representative Concentration Pathway (RCP) framework. Addition of 114 Pmol of alkalinity to the surface ocean stabilizes atmospheric CO2 concentration to RCP4.5 levels under RCP8.5 emissions. This scenario removes 940 GtC from the atmosphere and mitigates 1.5 K of global warming within this century. The climate adjusts to the lower CO2 concentration preventing the loss of sea ice and high sea level rise. Seawater pH and the carbonate saturation state (O) rise substantially above levels of the current decade. Pronounced differences in regional sensitivities to AOA are projected, with the Arctic Ocean and tropical oceans emerging as hot spots for biogeochemical changes induced by AOA. Thus, the CO2 mitigation potential of AOA comes at a price of an unprecedented ocean biogeochemistry perturbation with unknown ecological consequences.",,Article,2016.0,0.0,0.0,0.0,1.0,0.0,0.0,0.0,0.0,0.0,1.0,0.0,0.0,0.0,0.0,0.0,0.0,1.0,0.0,0.0,0.0,1.0,0.0,0.0,0.0,0.0,0.0,0.0,0.0,0.0,0.0,0.0,0.0,1.0,0.0,0.0,0.0,0.0,0.0,0.0,,,1,,1,1
374648,Coupling Mineral Carbonation and Ocean Liming,"The process by which basic/ultrabasic silicate minerals (e.g., olivine) are reacted with CO2 to produce solid carbonate minerals (""mineral carbonation"") has been suggested as a method to sequester carbon dioxide from point sources into stable carbonate minerals. Alternatively, the addition of lime (produced from calcining carbonate minerals) to the surface ocean (""ocean liming""), which results in an increase in ocean pH and a draw-down of atmospheric CO2 has been proposed as a ""geoengineering"" technology, which stores carbon as dissolved alkalinity in the surface ocean. Combining these approaches, in which the magnesium carbonate minerals produced from mineral carbonation are used as a feedstock for ocean liming (mineral carbonation-ocean liming; MC-OL); may reduce the limitations of individual technologies while maximizing the benefits. Approximately 1.9 metric tons of magnesium silicate (producing 0.7 ton of magnesium oxide) are required for every net ton of CO2 sequestered. A total of 0.7 ton of CO2 is produced from this activity, 70% of which is high-purity (>98%) from calcining and potentially amenable for geological storage. The technology can be conceptually viewed as an alternative to direct air capture and swaps ambient CO2 for high-purity point source CO2. MC-OL requires approximately 4.9 and 2.2 GJ of thermal and electrical energy ton(-1) of CO2 sequestered. MC-OL has less demand for geological storage; only 0.5 ton of CO2 needs to be injected for every ton of CO2 removed from the atmosphere. However, manipulation of ocean chemistry in this way potentially creates an additional environmental impact (localized elevated pH or co-dissolution of trace metals) and requires attention.",,Article,2013.0,0.0,0.0,0.0,1.0,0.0,0.0,0.0,0.0,0.0,1.0,0.0,0.0,0.0,1.0,0.0,0.0,0.0,0.0,0.0,0.0,1.0,0.0,0.0,0.0,0.0,0.0,0.0,0.0,0.0,1.0,0.0,0.0,1.0,0.0,0.0,0.0,0.0,0.0,0.0,,,1,,1,1
160631,Drivers of the carbonate system seasonal variations in a Mediterranean gulf,"The effects of different physical and biogeochemical drivers on the carbonate system were investigated in a semi-enclosed coastal area characterized by high alkalinity riverine discharge (Gulf of Trieste, Northern Adriatic Sea, Mediterranean Sea). Our 2-year time-series showed that a large part of the seasonal carbonate chemistry variation was controlled by the large seasonal change of seawater temperature, though air-sea CO2 exchange, biological activity (primary production-respiration), and riverine inputs also exerted a significant influence. With the exception of summer, the Gulf of Trieste was a sink of atmospheric carbon dioxide, showing a very strong CO2 fluxes from atmosphere into the sea (-16.10 mmol m(-2) day(-1)) during high wind speed event of north easterly Bora wind. The CO2 influx was particularly evident in winter, when the biological activity was at minimum and the low seawater temperature enhanced CO2 solubility. During spring, the drawdown of CO2 by primary production overwhelmed the CO2 physical pump, driving a significant decrease of dissolved inorganic carbon (DIC), [CO2], and increase of pH(T25) (degrees C). In summer the primary production in surface waters occurred with the same intensity as respiration in the bottom layer, so the net biological effect on the carbonate system was very low and the further reduction of seawater CO2 concentration observed was mainly due to carbon dioxide degassing induced by high seawater temperature. Finally, during autumn the respiration was the predominant process, which determined an overall increase of DIC, [CO2], and decrease of pH(T25) (degrees C). This was particularly evident when the breakdown of summer stratification occurred and a large amount of CO2, generated by respiration and segregated below the pycnocline, was released back to the whole water column. Local rivers also significantly affected the carbonate system by direct input of total alkalinity (A(T)) coming from the chemical weathering of carbonate rocks, which dominate the river watershed. Our finding clearly demonstrates a high A(T) concentration in low salinity surface waters (A(T) max = 2742.8 mu mol kg(-1)) and a negative A(T)-salinity correlation. As a result the Gulf of Trieste revealed a low Revelle factor (10.1) and one of the highest buffer capacities of the Mediterranean Sea (ss(Dic) = 0.31 mmol kg(-1)), which allows the system to store a significant amount of atmospheric CO2 with a small decrease of seawater pH. (C) 2015 Elsevier Ltd. All rights reserved.",pH; Carbonate system; Buffer capacity; River; Ocean acidification; Gulf of Trieste; Adriatic Sea; Mediterranean Sea,Article; Proceedings Paper,2016.0,0.0,0.0,0.0,0.0,0.0,0.0,0.0,0.0,0.0,0.0,0.0,0.0,0.0,0.0,0.0,0.0,0.0,0.0,0.0,0.0,0.0,0.0,0.0,0.0,0.0,0.0,0.0,0.0,0.0,0.0,0.0,0.0,0.0,0.0,0.0,0.0,0.0,0.0,0.0,,,0,,0,0
46963,The role of carbonates in the evolution of early martian oceans,"Central to the question of Life on Mars is whether there has been liquid water on the martian surface and how the planet could have evolved from possible initial warm and wet conditions to the cold and dry present state. Virtually all models for this climatic evolution rely strongly on the removal of an initial thick carbon dioxide atmosphere by precipitation of carbonate minerals from surface waters that may have been quite similar to those of Hadean Eon Earth's oceans. In order for this to occur, a hydrologic cycle would be necessary in which chemical weathering of silicate rocks consumes CO2 that precipitates as carbonates in an acidic martian ocean which probably had a very high alkalinity. The consumption of atmospheric CO2 by this process would result in a gradual decrease of the atmospheric greenhouse influence and cooling of the climate. Once the surface of Mars became cold enough so that freezing conditions prevailed the hydrologic cycle would largely cease, and the uptake of CO2 by silicate rock weathering would greatly diminish. The alkalinity of the freezing seawater would probably be sufficient to result in the removal of all calcium as calcium carbonate. Some magnesium and sodium would also likely be removed as carbonates as well. The removal of these cations as carbonates has a major influence on the final temperature at which liquid brines would be able to persist on the surface of Mars. During the period of freezing, the oceans would act as a source of CO2 rather than a sink, further slowing the rate of climate change on Mars.",,Article,1999.0,0.0,0.0,0.0,0.0,0.0,0.0,0.0,0.0,0.0,0.0,0.0,0.0,0.0,0.0,0.0,0.0,0.0,0.0,0.0,0.0,0.0,0.0,0.0,0.0,0.0,0.0,0.0,0.0,0.0,0.0,0.0,0.0,0.0,0.0,0.0,0.0,0.0,0.0,0.0,,,0,,0,0
4926155,Antacids for the Sea? Artificial Ocean Alkalinization and Climate Change,"There is increasing urgency for large-scale deployment of carbon-removal approaches to help avoid passing critical climatic thresholds. Given the severe risks of many terrestrial methods at extremely large scales, there is a compelling need to also assess the potential of marine negative-emissions technologies, such as artificial ocean alkalinization.",,Article,2020.0,0.0,0.0,0.0,0.0,0.0,0.0,0.0,0.0,0.0,1.0,0.0,0.0,0.0,1.0,0.0,0.0,0.0,0.0,0.0,0.0,1.0,0.0,0.0,0.0,0.0,0.0,0.0,0.0,0.0,0.0,0.0,0.0,1.0,0.0,0.0,0.0,0.0,0.0,0.0,,,1,,1,1
377650,The role of forest trees and their mycorrhizal fungi in carbonate rock weathering and its significance for global carbon cycling,"On million-year timescales, carbonate rock weathering exerts no net effect on atmospheric CO2 concentration. However, on timescales of decades-to-centuries, it can contribute to sequestration of anthropogenic CO2 and increase land-ocean alkalinity flux, counteracting ocean acidification. Historical evidence indicates this flux is sensitive to land use change, and recent experimental evidence suggests that trees and their associated soil microbial communities are major drivers of continental mineral weathering. Here, we review key physical and chemical mechanisms by which the symbiotic mycorrhizal fungi of forest tree roots potentially enhance carbonate rock weathering. Evidence from our ongoing field study at the UK's national pinetum confirms increased weathering of carbonate rocks by a wide range of gymnosperm and angiosperm tree species that form arbuscular (AM) or ectomycorrhizal (EM) fungal partnerships. We demonstrate that calcite-containing rock grains under EM tree species weather significantly faster than those under AM trees, an effect linked to greater soil acidification by EM trees. Weathering and corresponding alkalinity export are likely to increase with rising atmospheric CO2 and associated climate change. Our analyses suggest that strategic planting of fast-growing EM angiosperm taxa on calcite- and dolomite-rich terrain might accelerate the transient sink for atmospheric CO2 and slow rates of ocean acidification. Carbonate mineral weathering in forest soils could act as a transient sink for anthropogenic CO (2) over human timescales of decades to centuries. Our manuscript reviews key physical and chemical mechanisms of carbonate weathering by mycorrhizal fungi of forest tree roots. We also present results of an ongoing field study at the UK's National Pinetum that demonstrates enhanced carbonate weathering by a range of tree species, particularly by ectomycorrhizal species.",alkalinity; arbuscular mycorrhiza; chemical weathering; climate change; ectomycorrhiza; soil carbonates; soil pH,Review,2015.0,0.0,0.0,0.0,0.0,0.0,0.0,0.0,0.0,0.0,1.0,0.0,0.0,0.0,0.0,0.0,0.0,0.0,0.0,0.0,0.0,0.0,0.0,0.0,0.0,0.0,0.0,0.0,0.0,0.0,0.0,0.0,0.0,0.0,0.0,0.0,0.0,0.0,0.0,0.0,,,0,,0,0
923431,Quantifying and Comparing Effects of Climate Engineering Methods on the Earth System,"To contribute to a quantitative comparison of climate engineering (CE) methods, we assess atmosphere-, ocean-, and land-based CE measures with respect to Earth system effects consistently within one comprehensive model. We use the Max Planck Institute Earth System Model (MPI-ESM) with prognostic carbon cycle to compare solar radiation management (SRM) by stratospheric sulfur injection and two carbon dioxide removal methods: afforestation and ocean alkalinization. The CE model experiments are designed to offset the effect of fossil-fuel burning on global mean surface air temperature under the RCP8.5 scenario to follow or get closer to the RCP4.5 scenario. Our results show the importance of feedbacks in the CE effects. For example, as a response to SRM the land carbon uptake is enhanced by 92Gt by the year 2100 compared to the reference RCP8.5 scenario due to reduced soil respiration thus reducing atmospheric CO2. Furthermore, we show that normalizations allow for a better comparability of different CE methods. For example, we find that due to compensating processes such as biogeophysical effects of afforestation more carbon needs to be removed from the atmosphere by afforestation than by alkalinization to reach the same global warming reduction. Overall, we illustrate how different CE methods affect the components of the Earth system; we identify challenges arising in a CE comparison, and thereby contribute to developing a framework for a comparative assessment of CE.",climate engineering; geoengineering; solar radiation management; carbon dioxide removal; Earth system modelling; carbon cycle,Article,2018.0,0.0,0.0,0.0,1.0,0.0,0.0,0.0,0.0,0.0,1.0,0.0,0.0,0.0,0.0,0.0,0.0,1.0,0.0,0.0,0.0,1.0,0.0,0.0,1.0,0.0,0.0,0.0,0.0,0.0,0.0,0.0,0.0,1.0,0.0,0.0,0.0,0.0,0.0,1.0,,,1,,1,1
5298873,Buffered accelerated weathering of limestone for storing CO2: Chemical background,"We present an evolution of the Accelerated Weathering of Limestone (AWL) method to store CO2 in seawater in the form of bicarbonates. Buffered Accelerated Weathering of Limestone (BAWL) is designed to produce a buffered ionic solution, at seawater pH, which derives from the reaction between a CO2 stream and a powder of micron-sized calcium carbonate particles in a long tubular reactor. Addition of calcium hydroxide to buffer the unreacted CO2 before the discharge in seawater is also provided. BAWL aims to overcome the main limitations of AWL, such as the high amount of water needed, the large size of the reactor, the risk of CO2 degassing back into the atmosphere, if the ionic solution is released into shallow waters, as well as the induced seawater acidification. This paper presents the chemical background of the technology and evaluates its feasibility by considering the chemical equilibria in the different phases of the process. The CO2 emitted for limestone calcination leads to a 24% CO2 penalty; a preliminary cost analysis assesses a storage cost of 100 (sic) per tonne of CO2 from an external source. It finally discusses the main features to be considered for the design at the industrial scale.",CO2; Mitigation; CCS; Storage; Capture; Limestone; Ocean; Acidification,Article,2021.0,0.0,0.0,1.0,0.0,0.0,0.0,0.0,0.0,0.0,1.0,0.0,1.0,0.0,0.0,0.0,0.0,0.0,0.0,1.0,0.0,1.0,0.0,0.0,0.0,0.0,0.0,1.0,0.0,0.0,0.0,0.0,0.0,0.0,0.0,0.0,0.0,0.0,0.0,0.0,,,0,,1,1
317102,Assessing the potential of calcium-based artificial ocean alkalinization to mitigate rising atmospheric CO2 and ocean acidification,"Enhancement of ocean alkalinity using calcium compounds, e.g., lime has been proposed to mitigate further increase of atmospheric CO2 and ocean acidification due to anthropogenic CO2 emissions. Using a global model, we show that such alkalinization has the potential to preserve pH and the saturation state of carbonate minerals at close to today's values. Effects of alkalinization persist after termination: Atmospheric CO2 and pH do not return to unmitigated levels. Only scenarios in which large amounts of alkalinity (i.e., in a ratio of 2:1 with respect to emitted CO2) are added over large ocean areas can boost oceanic CO2 uptake sufficiently to avoid further ocean acidification on the global scale, thereby elevating some key biogeochemical parameters, e.g., pH significantly above preindustrial levels. Smaller-scale alkalinization could counteract ocean acidification on a subregional or even local scale, e.g., in upwelling systems. The decrease of atmospheric CO2 would then be a small side effect.",artificial ocean alkalinization; mitigation potential; modeling; ocean biogeochemistry,Article,2013.0,0.0,0.0,0.0,1.0,0.0,0.0,0.0,0.0,0.0,1.0,0.0,0.0,0.0,0.0,0.0,0.0,1.0,0.0,0.0,0.0,1.0,0.0,0.0,0.0,0.0,0.0,0.0,0.0,0.0,0.0,0.0,0.0,1.0,0.0,0.0,0.0,0.0,0.0,0.0,,,1,,1,1
923219,Negative-CO2-emissions ocean thermal energy conversion,"Conversion of the ocean's vertical thermal energy gradient to electricity via Ocean Thermal Energy Conversion (OTEC) has been demonstrated at small scales over the past century, and represents one of the largest (and growing) potential energy sources on the planet. Here we describe how OTEC could be modified to provide a large source of CO2-emissions-negative energy while also allowing heat removal from the surface ocean, helping to directly counter ocean/atmosphere warming. Most OTEC energy potential is far offshore, thus the conversion of the produced electricity to a chemical energy carrier such as H-2 or derivatives is required. This can be achieved by employing a method of electrochemically generating H-2 that also consumes CO2, converting the carbon to a common form of ocean alkalinity. The addition of such alkalinity to the ocean would provide high-capacity carbon storage while countering the chemical and biological effects of ocean acidification. For each gigawatt (GW) of continuous electric power generated over one year by the preceding negative-emissions OTEC (NEOTEC), roughly 13GW of surface ocean heat would be directly removed to deep water, while producing 1.3 x 10(5) tonnes of H-2/yr (avoiding 1.1 x 10(6) tonnes of CO2 emissions/yr), and consuming and storing (as dissolved mineral bicarbonate) approximately 5 x 10(6) tonnes CO2/yr. The preceding CO2 mitigation would result in an indirect planetary cooling effect of about 2.6 GW. Such negative-emissions energy production and global warming mitigation would avoid the biophysical and land use limitations posed by methods that rely on terrestrial biology.",Marine energy; Negative emissions; CO2; Hydrogen; Global warming; Ocean acidification,Review,2018.0,0.0,0.0,0.0,1.0,0.0,0.0,0.0,0.0,0.0,1.0,0.0,0.0,0.0,1.0,0.0,0.0,0.0,0.0,0.0,0.0,1.0,0.0,0.0,0.0,0.0,0.0,0.0,0.0,0.0,0.0,0.0,0.0,1.0,0.0,1.0,0.0,0.0,0.0,0.0,,,1,,1,1
813622,The Carbon Dioxide Removal Model Intercomparison Project (CDRMIP): rationale and experimental protocol for CMIP6,"The recent IPCC reports state that continued anthropogenic greenhouse gas emissions are changing the climate, threatening ""severe, pervasive and irreversible"" impacts. Slow progress in emissions reduction to mitigate climate change is resulting in increased attention to what is called geoengineering, climate engineering, or climate intervention - deliberate interventions to counter climate change that seek to either modify the Earth's radiation budget or remove greenhouse gases such as CO2 from the atmosphere. When focused on CO2, the latter of these categories is called carbon dioxide removal (CDR). Future emission scenarios that stay well below 2 degrees C, and all emission scenarios that do not exceed 1.5 degrees C warming by the year 2100, require some form of CDR. At present, there is little consensus on the climate impacts and atmospheric CO2 reduction efficacy of the different types of proposed CDR. To address this need, the Carbon Dioxide Removal Model Intercomparison Project (or CDRMIP) was initiated. This project brings together models of the Earth system in a common framework to explore the potential, impacts, and challenges of CDR. Here, we describe the first set of CDRMIP experiments, which are formally part of the 6th Coupled Model Intercomparison Project (CMIP6). These experiments are designed to address questions concerning CDR-induced climate ""reversibility"", the response of the Earth system to direct atmospheric CO2 removal (direct air capture and storage), and the CDR potential and impacts of afforestation and reforestation, as well as ocean alkalinization.",,Article,2018.0,0.0,0.0,0.0,0.0,0.0,0.0,0.0,1.0,0.0,0.0,0.0,0.0,0.0,0.0,0.0,0.0,1.0,0.0,0.0,0.0,1.0,0.0,0.0,1.0,0.0,0.0,0.0,0.0,1.0,0.0,0.0,0.0,1.0,0.0,0.0,0.0,0.0,0.0,1.0,,,1,,1,1
1280565,Potential ecotoxicological effects of elevated bicarbonate ion concentrations on marine organisms,"Recently, a novel method for carbon capture and storage has been proposed, which converts gaseous CO2 into aqueous bicarbonate ions (HCO3-), allowing it to be deposited into the ocean. This alkalinization method could be used to dispose large amounts of CO2 without acidifying seawater pH, but there is no information on the potential adverse effects of consequently elevated HCO3- concentrations on marine organisms. In this study, we evaluated the ecotoxicological effects of elevated concentrations of dissolved inorganic carbon (DIC) (max 193 mM) on 10 marine organisms. We found species-specific ecotoxicological effects of elevated DIC on marine organisms, with EC50-DIC (causing 50% inhibition) of 11-85 mM. The tentative criteria for protecting 80% of individuals of marine organisms are suggested to be pH 7.8 and 11 mM DIC, based on acidification data previously documented and alkalinization data newly obtained from this study. Overall, the results of this study are useful for providing baseline information on ecotoxicological effects of elevated DIC on marine organisms. More complementary studies are needed on the alkalinization method to determine DIC effects on seawater chemistry and marine organisms. (C) 2018 Elsevier Ltd. All rights reserved.",Carbon capture & storage; DIC; Bicarbonate; pH; Acidification; Alkalinization,Article,2018.0,0.0,1.0,0.0,0.0,0.0,0.0,0.0,0.0,0.0,1.0,0.0,0.0,0.0,0.0,0.0,1.0,0.0,0.0,0.0,0.0,1.0,0.0,0.0,0.0,0.0,0.0,0.0,0.0,0.0,0.0,0.0,0.0,1.0,0.0,0.0,0.0,0.0,0.0,0.0,,,1,,1,1
4911665,Seeking natural analogs to fast-forward the assessment of marine CO2 removal,"Mitigating global climate change will require gigaton-scale carbon dioxide removal (CDR) as a supplement to rapid emissions reduction. The oceans cover 71% of the Earth surface and have the potential to provide much of the required CDR. However, none of the proposed marine CDR (mCDR) methods is sufficiently well understood to determine their real-world efficiency and environmental side effects. Here, we argue that using natural mCDR analogs should become the third interconnecting pillar in the mCDR assessment as they bridge the gap between numerical simulations (i.e., large scale/reduced complexity) and experimental studies (i.e., small scale/high complexity). Natural mCDR analogs occur at no cost, can provide a wealth of data to inform mCDR, and do not require legal permission or social license for their study. We propose four simple criteria to identify particularly useful analogs: 1) large scale, 2) abruptness of perturbation, 3) availability of unperturbed control sites, and 4) reoccurrence. Based on these criteria, we highlight four examples: 1) equatorial upwelling as a natural analog for artificial upwelling, 2) downstream of Kerguelen Island for ocean iron fertilization, 3) the Black and Caspian Seas for ocean alkalinity enhancement, and 4) the Great Atlantic Sargassum Belt for ocean afforestation. These natural analogs provide a reality check for experimental assessments and numerical modeling of mCDR. Ultimately, projections of mCDR efficacy and sustainability supported by observations from natural analogs will provide the real world context for the public debate and will facilitate political decisions on mCDR implementation. We anticipate that a rigorous investigation of natural analogs will fast-forward the urgently needed assessment of mCDR.",negative emissions; artificial upwelling; ocean iron fertilization; ocean alkalinity enhancement; ocean afforestation,Article,2021.0,0.0,0.0,0.0,0.0,0.0,0.0,0.0,0.0,0.0,1.0,0.0,0.0,0.0,0.0,0.0,0.0,0.0,0.0,1.0,0.0,1.0,1.0,0.0,0.0,0.0,0.0,0.0,0.0,0.0,0.0,0.0,1.0,1.0,1.0,0.0,0.0,0.0,0.0,0.0,,,1,,1,1
5213677,Reversing ocean acidification along the Great Barrier Reef using alkalinity injection,"The Great Barrier Reef (GBR) is a globally significant coral reef system supporting productive and diverse ecosystems. The GBR is under increasing threat from climate change and local anthropogenic stressors, with its general condition degrading over recent decades. In response to this, a number of techniques have been proposed to offset or ameliorate environmental changes. In this study, we use a coupled hydrodynamic-biogeochemical model of the GBR and surrounding ocean to simulate artificial ocean alkalinisation (AOA) as a means to reverse the impact of global ocean acidification on GBR reefs. Our results demonstrate that a continuous release of 90 000 t of alkalinity every 3 d over one year along the entire length of the GBR, following the Gladstone-Weipa bulk carrier route, increases the mean aragonite saturation state (Omega(ar)) across the GBR's 3860 reefs by 0.05. This change offsets just over 4 years (similar to 4.2) of ocean acidification under the present rate of anthropogenic carbon emissions. The injection raises Omega(ar) in the 250 reefs closest to the route by >= 0.15, reversing further projected Ocean Acidification. Following cessation of alkalinity injection Q(ar) returns to the value of the waters in the absence of AOA over a 6 month period, primarily due to transport of additional alkalinity into the Coral Sea. Significantly, our study provides for the first time a model of AOA applied along existing shipping infrastructure that has been used to investigate shelf scale impacts. Thus, amelioration of decades of OA on the GBR is feasible using existing infrastructure, but is likely to be extremely expensive, include as yet unquantified risks, and would need to be undertaken continuously until such time, probably centuries in the future, when atmospheric CO2 concentrations have returned to today's values.",carbon chemistry; coral reefs; geoengineering; environmental engineering; ocean acidification,Article,2021.0,0.0,0.0,0.0,0.0,0.0,0.0,0.0,0.0,0.0,1.0,0.0,0.0,0.0,0.0,0.0,0.0,1.0,0.0,0.0,0.0,1.0,0.0,0.0,0.0,0.0,0.0,0.0,0.0,0.0,0.0,0.0,0.0,1.0,0.0,0.0,0.0,0.0,0.0,0.0,,,1,,1,1
646620,Olivine Dissolution in Seawater: Implications for CO2 Sequestration through Enhanced Weathering in Coastal Environments,"Enhanced weathering of (ultra)basic silicate rocks such as olivine-rich dunite has been proposed as a large-scale climate engineering approach. When implemented in coastal environments, olivine weathering is expected to increase seawater alkalinity, thus resulting in additional CO2 uptake from the atmosphere. However, the mechanisms of marine olivine weathering and its effect on seawater-carbonate chemistry remain poorly understood. Here, we present results from batch reaction experiments, in which forsteritic olivine was subjected to rotational agitation in different seawater media for periods.of days to months. Olivine dissolution caused a significant increase in alkalinity of the seawater with a consequent DIC increase due to CO2 invasion, thus confirming viability of the basic concept of enhanced silicate weathering. However, our experiments also identified several important challenges with respect to the detailed quantification of the CO2 sequestration efficiency under field conditions, which include nonstoichiometric dissolution, potential pore water saturation in the seabed, and the potential occurrence of secondary reactions. Before enhanced weathering of olivine in coastal environments can be considered an option for realizing negative CO2 emissions for climate mitigation purposes, these aspects need further experimental assessment.",,Article,2017.0,0.0,1.0,0.0,0.0,0.0,0.0,0.0,0.0,0.0,1.0,0.0,0.0,0.0,0.0,0.0,1.0,0.0,0.0,0.0,0.0,1.0,0.0,0.0,0.0,0.0,0.0,0.0,0.0,0.0,0.0,0.0,0.0,1.0,0.0,0.0,0.0,0.0,0.0,0.0,,,1,,1,1
5241304,Use of aircraft in ocean alkalinity enhancement,"Ocean Alkalinity Enhancement (OAE) is a proposed Negative Emissions Technology (NET) to remove atmospheric CO2 through the dispersion of alkaline materials (e.g.: calcium hydroxide, slaked lime, SL) into seawater, simultaneously counteracting ocean acidification. This study considers aircraft discharge of SL and its consequent dry deposition, extending to the marine environment a technique used in freshwater. A feasibility analysis assesses potential, costs, benefits, and disadvantages, considering scenarios with different assumptions on aircraft size, discharge height and duration, and wind conditions. Due to the small size of SL particles (median diameter 9 mu m), the dispersion from aircraft is highly enhanced by wind drift; the smallest SL particles may drift thousands of kilometres, especially if discharged from elevated altitudes. This could pose problems related to powders particles settling on remote lands. Although calcium hydroxide maximum concentration into water (from 0.01 to 82 mg L-1) is for almost all the scenarios lower than the most stringent threshold for the ecosystem impacts on a 96-h exposure, the ecologically sensitive sea surface microlayer (SAIL) should be considered in detail. The high CO2 emissions of the Landing to Take-Off Cycle (LTO) of the aircraft and their limited payload lead to a significant CO2 penalty, ranging in analysed scenarios between 28% and 77% of the CO2 removal potential; very fast discharge could reduce the penalty to 11% -32%. Preliminary cost analysis shows that the cost of the SL discharge through aircraft is high, between (sic) 30 and (sic) 1846 per ton of CO2 removed (neglecting the lime cost), substantially higher than the cost for discharge by surface vessels resulting from previous studies, which restricts the practical use of this strategy.",Carbon dioxide removal; Ocean alkalinization; Slaked lime; Ocean alkalinity enhancement; Aircraft,Article,2022.0,0.0,0.0,0.0,1.0,0.0,0.0,0.0,0.0,0.0,1.0,0.0,0.0,0.0,0.0,0.0,0.0,1.0,0.0,0.0,0.0,1.0,0.0,0.0,0.0,0.0,0.0,0.0,0.0,0.0,0.0,0.0,0.0,1.0,0.0,0.0,0.0,0.0,0.0,0.0,,,1,,1,1
5241301,CO2 capture by pumping surface acidity to the deep ocean,"To remain below 2 degrees C of warming, most IPCC pathways call for active CO2 removal (CDR). On geological timescales, ocean uptake regulates atmospheric CO2 concentration, with two homeostats driving CO2 uptake: dissolution of deep ocean carbonate deposits (1 ka timescales) and terrestrial weathering of silicate rocks (100 ka timescales). Many current ocean-based CDR proposals effectively act to accelerate the latter. Here we present a method which relies purely on the redistribution and dilution of acidity from a thin layer of the surface ocean to a thicker layer of deep ocean, in order to reduce surface acidification and accelerate carbonate homeostasis. This downward transport could be seen analogous to the action of the natural biological carbon pump. The method offers advantages over other ocean alkalinity and CO2-stripping methods: the conveyance of mass is minimized (acidity is pumped in situ to depth), and expensive mining, grinding and distribution of alkaline material is eliminated. No dilute substance needs to be concentrated, reducing the quantity of seawater to be processed. Finally, no terrestrial material is added to the ocean, avoiding significant alteration of seawater ion concentrations or issues with heavy metal toxicity (encountered in mineral-based alkalinity schemes). The artificial transport of acidity accelerates the natural deep ocean compensation by calcium carbonate. It has been estimated that the total compensation capacity of the ocean is on the order of 1500 GtC. We show through simulation that pumping of ocean acidity could remove up to 150 GtC from the atmosphere by 2100 without excessive increase of local pH. The permanence of the CO2 storage depends on the depth of acid pumping. At >3000 m, similar to 85% is retained for at least 300 years, and >50% for at least 2000 years. Shallow pumping (<2000 m) offers more of a stop-gap deferral of emissions for a few hundred years. Uptake efficiency and residence time also vary with the location of acidity pumping. Requiring only local resources (ocean water and energy), this method could be uniquely suited to utilize otherwise-unusable open ocean energy sources at scale. We present a brief techno-economic estimate of 130-250$ per tCO(2) at current prices and as low as 93$ per tCO(2) under modest learning-curve assumptions.",,Article,2022.0,0.0,0.0,1.0,1.0,0.0,0.0,0.0,0.0,0.0,1.0,0.0,0.0,0.0,0.0,0.0,0.0,1.0,0.0,0.0,0.0,1.0,0.0,0.0,0.0,0.0,0.0,0.0,0.0,0.0,0.0,0.0,0.0,1.0,0.0,0.0,0.0,0.0,0.0,0.0,,,1,,1,1
845234,An Assessment of Direct Dissolved Inorganic Carbon Injection to the Coastal Region: A Model Result,"The amount of carbon dioxide (CO2) in the atmosphere has increased in the past 60 years and the technology of carbon capture and storage (CCS) has recently been extensively studied. One of the strategies of CCS is to directly inject a high dissolved inorganic carbon (DIC) concentration (or high partial pressure of carbon dioxide, pCO(2)) solution into the ocean. However, the carbonate dynamics and air-sea gas exchange are usually neglected in a CCS strategy. This study assesses the effect of a DIC-solution injection by using a simple two end-member model to simulate the variation of pH, DIC, total alkalinity (TA) and pCO(2) between the river and sea mixing process for the Danshuei River estuary and Hoping River in Taiwan. We observed that the DIC-solution injection can contribute to ocean acidification and can also lead the pCO(2) value to change from being undersaturated to oversaturated (with respect to the atmospheric CO2 level). Our model result also showed that the maximum Revelle factors (Delta[CO2]/[CO2])/(Delta[DIC]/[DIC]) among varied pH values (6-9) and DIC concentrations (0.5-3.5 mmol kg(-1)) were between pH 8.3 and 8.5 in fresh water and were between 7.3 and 7.5 in waters with a salinity of 35, reflecting the changing efficiency of dissolving CO2 gas into the DIC solution and the varying stability of this desired DIC solution. Finally, we suggest this uncoupled Revelle factor between fresh and salty water should be considered in the (anthropogenic) carbonate chemical weathering on a decade to century scale.",carbon cycle; ocean acidification; air-sea gas exchange; CO2; CCS,Article,2018.0,0.0,0.0,0.0,0.0,0.0,0.0,0.0,0.0,0.0,1.0,0.0,0.0,0.0,0.0,0.0,0.0,1.0,0.0,0.0,0.0,1.0,0.0,0.0,0.0,0.0,0.0,1.0,0.0,0.0,0.0,0.0,0.0,0.0,0.0,0.0,0.0,0.0,0.0,0.0,,,0,,1,1
914805,Assessing carbon dioxide removal through global and regional ocean alkalinization under high and low emission pathways,"Atmospheric carbon dioxide (CO2) levels continue to rise, increasing the risk of severe impacts on the Earth system, and on the ecosystem services that it provides. Artificial ocean alkalinization (AOA) is capable of reducing atmospheric CO2 concentrations and surface warming and addressing ocean acidification. Here, we simulate global and regional responses to alkalinity (ALK) addition (0.25 PmolALK yr(-1)) over the period 20202100 using the CSIRO-Mk3L-COAL Earth System Model, under high (Representative Concentration Pathway 8.5; RCP8.5) and low (RCP2.6) emissions. While regionally there are large changes in alkalinity associated with locations of AOA, globally we see only a very weak dependence on where and when AOA is applied. On a global scale, while we see that under RCP2.6 the carbon uptake associated with AOA is only similar to 60% of the total, under RCP8.5 the relative changes in temperature are larger, as are the changes in pH (140 %) and aragonite saturation state (170 %). The simulations reveal AOA is more effective under lower emissions, therefore the higher the emissions the more AOA is required to achieve the same reduction in global warming and ocean acidification. Finally, our simulated AOA for 2020-2100 in the RCP2.6 scenario is capable of offsetting warming and ameliorating ocean acidification increases at the global scale, but with highly variable regional responses.",,Article,2018.0,0.0,0.0,0.0,1.0,0.0,0.0,1.0,0.0,0.0,0.0,0.0,0.0,0.0,0.0,0.0,0.0,1.0,0.0,0.0,0.0,1.0,0.0,0.0,0.0,0.0,0.0,0.0,0.0,0.0,0.0,0.0,0.0,1.0,0.0,0.0,0.0,0.0,0.0,0.0,,,1,,1,1
558365,Reducing energy-related CO2 emissions using accelerated weathering of limestone,"The use and impacts of accelerated weathering of limestone (AWL; reaction: CO2 + H2O + CaCO3 -> Ca2+ + 2(HCO3-) is explored as a CO2 capture and sequestration method. It is shown that significant limestone resources are relatively close to a majority of CO2-emitting power plants along the coastal US, a favored siting location for AWL. Waste fines, representing more than 20% of current US crushed limestone production (> 10(9) tonnes/yr), could provide an inexpensive or free source of AWL carbonate. With limestone transportation then as the dominant cost variable, CO2 mitigation costs of $3-$4/tonne appear to be possible in certain locations. Perhaps 10-20% of US point-source CO2 emissions could be mitigated in this fashion. It is experimentally shown that CO2 sequestration rates of 10(-6) to 10(-5) moles/sec per m(2) of limestone surface area are achievable, with reaction densities on the order of 10(-2) tonnes CO2 m(-3) day(-1), highly dependent on limestone particle size, solution turbulence and flow, and CO2 concentration. Modeling shows that AWL would allow carbon storage in the ocean with significantly reduced impacts to seawater pH relative to direct CO2 disposal into the atmosphere or sea. The addition of AWL-derived alkalinity to the ocean may itself be beneficial for marine biota. (c) 2006 Elsevier Ltd. All rights reserved.",CO2; power plant; mitigation; capture; sequestration; storage; limestone; ocean,Article,2007.0,0.0,0.0,0.0,1.0,0.0,0.0,0.0,0.0,0.0,1.0,0.0,1.0,0.0,0.0,0.0,0.0,1.0,0.0,0.0,0.0,1.0,0.0,0.0,0.0,0.0,0.0,0.0,0.0,0.0,0.0,0.0,0.0,1.0,0.0,0.0,0.0,0.0,0.0,0.0,,,1,,1,1
5231876,Ocean-Based Carbon Dioxide Removal: A New Frontier in the Blue Economy,"The ocean is a key facet of climate stability and Earth's carbon cycle. Given the immense scale of atmospheric carbon dioxide removal (CDR) necessary to achieve international climate goals, ocean-based CDR approaches (or ""ocean CDR"") warrant serious consideration. Ocean CDR is a still nascent, but cautiously promising, area of scientific research with several approaches under evaluation. Here, we examine one of the most promising approaches, ocean alkalinity enhancement, to highlight and exemplify challenges and opportunities of an emerging ocean CDR industry in the blue economy.",carbon dioxide removal; ocean carbon cycle; ocean alkalinity enhancement; blue economy,Article,2022.0,0.0,0.0,0.0,0.0,0.0,0.0,0.0,0.0,1.0,1.0,0.0,0.0,0.0,0.0,0.0,0.0,0.0,0.0,1.0,0.0,1.0,0.0,0.0,0.0,0.0,0.0,0.0,0.0,0.0,0.0,0.0,1.0,1.0,0.0,0.0,0.0,0.0,0.0,0.0,,,1,,1,1
1306832,The effects of low seawater pH on energy storage and heat shock protein 70 expression in a bivalve Limecola balthica,"Though biological consequences of CCS (Carbon Capture and Storage) implementation into the marine environment have received substantial research attention, the impact of potential CO2 leakage on benthic infauna in the Baltic Sea remained poorly recognized. This study quantified medium-term (56-day laboratory exposure) effects of CO2-induced seawater acidification (pH 7.7, 7.0 and 6.3) on energetic reserves and heat-shock protein HSP70 expression of adult bivalve Limecola balthica from the southern Baltic. While no clear impact was evident in the most acidic treatment (pH 6.3), moderate seawater hypercapnia (pH 7.0) induced elevated catabolism of high caloric reserves (carbohydrates including glycogen and lipids) in order to provide energy to cover enhanced metabolic requirements for acid-base regulation. Biochemical response did not involve, however, breakdown of proteins, suggesting that they were not utilized as metabolic substrates. As indicated also by subtle variations in the chaperone protein HSP70, the clams demonstrated high CO2 tolerance, presumably through development of efficient defensive/compensatory mechanisms during their larval and/or ontogenic life stages.",CCS; CO2 leakage; Energetic reserves; HSP70; Bivalve Limecola balthica; Southern Baltic Sea,Article,2018.0,0.0,0.0,0.0,0.0,0.0,0.0,0.0,0.0,0.0,1.0,0.0,0.0,0.0,0.0,0.0,1.0,0.0,0.0,0.0,0.0,1.0,0.0,0.0,0.0,0.0,0.0,1.0,0.0,0.0,0.0,0.0,0.0,0.0,0.0,0.0,0.0,0.0,0.0,0.0,,,0,,1,1
316553,"Assessing possible consequences of ocean liming on ocean pH, atmospheric CO2 concentration and associated costs","More than 380 Pg of carbon have been released by human activities from fossil fuel combustion and cement manufacturing since the beginning of the Industrial Revolution. This carbon release has caused atmospheric CO2 levels to increase by similar to 100 ppmv compared to the highest interglacial value of the last similar to 800,000 years. Net uptake of carbon by the oceans has caused the surface ocean pH to drop by similar to 0.1 pH units. Evaluating carbon sequestration options is now timely. We use the carbon-cycle model LOSCAR to evaluate the effects of artificially enhancing ocean alkalinity from year 2020 to year 2400 on ocean pH and atmospheric pCO(2). Ten different carbon emission scenarios with scaled alkalinity input are simulated. Results show that for ocean pH to be maintained above 8.0, on the order of 2-10 x 10(14) moles of alkalinity/year for C emissions of 1500-5000 Pg C, respectively, is required. Atmospheric pCO(2) remains high (500-600 ppmv) in nine of the carbon emission scenarios. Ocean alkalization, if ever implemented at such a large scale, could allow ocean pH to be stabilized but pCO(2) would not return to pre-industrial levels. Cost estimates of the ocean alkalization operation, using quicklime (CaO) was estimated to range from 0.5 to 2.8 $US trillion/year, depending on the target pH selected to avoid damage to marine organisms and ecosystems. For comparison, this cost is similar to 0.8% and similar to 4.6% of the 2011 global Gross Domestic Product for total anthropogenic carbon emissions of 1500 and 5000 Pg C, respectively. The cost of 1 ton of CO2 sequestered ranges from 103 to 144 $US for total emissions of 1500-5000 Pg C, respectively. Producing large amounts of quicklime (without carbon capture and storage) would cause substantial additional CO2 release. This reduces the fossil fuel emissions allowed to maintain pH above 8.0 by a factor of 1.3-2.5 (for total emissions of 1000 and 5000 Pg C, respectively). (C) 2013 Published by Elsevier B.V.",Acidification; Climate change; Carbon sequestration; Alkalinity; Quicklime; Mitigation,Article,2013.0,0.0,0.0,1.0,1.0,0.0,0.0,0.0,0.0,0.0,1.0,0.0,0.0,0.0,0.0,0.0,0.0,1.0,0.0,0.0,0.0,1.0,0.0,0.0,0.0,0.0,0.0,0.0,0.0,0.0,0.0,0.0,0.0,1.0,0.0,0.0,0.0,0.0,0.0,0.0,,,1,,1,1
4912128,Life cycle assessment of carbon dioxide removal technologies: a critical review,"A large number of prospective climate scenarios rely on Carbon Dioxide Removal (CDR) technologies to limit global warming below 2 degrees C. To date, however, a comprehensive understanding of the overall life-cycle environmental impacts of CDR technologies is missing. We present a critical review on conducted Life Cycle Assessments (LCAs) of a comprehensive set of CDR technologies: afforestation and reforestation, biochar, soil carbon sequestration, enhanced weathering, ocean fertilisation, bioenergy with carbon capture and storage, and direct air carbon capture and storage. One of the key observations is that emissions avoided due to substitution of certain processes (due to system expansion in LCA) can be easily misinterpreted as negative emissions, i.e. as carbon removal from the atmosphere. Based on the observed inconsistencies and shortcomings, we recommend to interpret available CDR LCA results with caution. To improve the understanding of environmental implications of CDR deployment, we recommend (1) to conduct LCAs with multiple environmental impact categories, (2) to consider the temporal aspect of emissions in biomass-related CDR technologies, (3) to focus on so far overlooked CDR technologies, (4) to be as transparent as possible regarding methodological choices, (5) to capture environmental side-effects, and (6) to distinguish between 'avoided emissions' and 'negative emissions' - only negative emissions correspond to permanent removal from the atmosphere. We conclude that more comprehensive and rigorous LCAs are needed to help inform the design of CDR technology portfolios and to aid in anticipatory governance.",,Review,2021.0,0.0,1.0,0.0,0.0,0.0,0.0,0.0,0.0,0.0,1.0,0.0,0.0,1.0,0.0,0.0,0.0,0.0,0.0,1.0,0.0,1.0,0.0,0.0,1.0,1.0,1.0,0.0,0.0,1.0,1.0,0.0,1.0,0.0,1.0,0.0,1.0,0.0,0.0,1.0,,,0,,1,1
621597,Increasing Oceanic Carbon Fixation Through Fe Fertilization: Opportunity for Mine Water?,"Approximately 30 % of the Earth's oceans support low rates of primary production because of low Fe concentrations. The fertilization of these waters with Fe has been proposed as a tool for creating phytoplankton blooms, increasing carbon fixation, and sequestering carbon in deep ocean waters. This paper reviews the status of the ocean iron fertilization (OIF) concept and assesses the opportunity it may provide to mining companies and mine water professionals who regularly deal with large quantities of Fe. Using data produced by large OIF experiments, calculations are provided regarding the efficiency of Fe additions for carbon fixation and the quantities of Fe that would be needed if OIF became an accepted practice. The gross value of Fe used in OIF projects is calculated from the current value of carbon credits and salmon and tuna fisheries. If the OIF concept advances, the huge demand for Fe that will be created may justify reconsideration of mine water treatment practices that produce more pure Fe solids than is the case with conventional treatment technologies.",Iron; Phytoplankton; Carbon sequestration; Mine water; OIF,Article,2015.0,0.0,0.0,0.0,0.0,0.0,0.0,0.0,0.0,0.0,1.0,0.0,1.0,0.0,0.0,0.0,0.0,0.0,0.0,0.0,0.0,1.0,0.0,0.0,0.0,0.0,0.0,0.0,0.0,0.0,0.0,0.0,0.0,0.0,1.0,0.0,0.0,0.0,0.0,0.0,,,0,,1,1
93869,Enhanced chlorophyll associated with tropical instability waves in the equatorial Pacific,"High resolution mooring time series are used to quantify significant chlorophyll anomalies associated with tropical instability waves (TIWs) in the equatorial Pacific. Distinct peaks characterized by very high chlorophyll (up to 3.5 mg m(-3)) are observed in association with TIW cold cusps. These high-chlorophyll peaks appear to differ with respect to scale and intensity from those previously observed at subductive fronts. The physical processes responsible for the observed chlorophyll distributions are not mutually exclusive, and include advection, horizontal mixing; enhanced upwelling and concentration of biomass at fronts. Given the potentially large spatial extent of these high chlorophyll bands, their importance as regions of increased productivity and CO2 uptake is discussed.",,Article,2001.0,0.0,0.0,0.0,0.0,0.0,0.0,0.0,0.0,0.0,0.0,0.0,0.0,0.0,0.0,0.0,0.0,0.0,0.0,0.0,0.0,0.0,0.0,0.0,0.0,0.0,0.0,0.0,0.0,0.0,0.0,0.0,0.0,0.0,0.0,0.0,0.0,0.0,0.0,0.0,,,0,,0,0
141264,Atmospheric consequences of disruption of the ocean thermocline,"Technologies utilizing vertical ocean pipes have been proposed as a means to avoid global warming, either by providing a source of clean energy, increasing ocean carbon uptake, or storing thermal energy in the deep ocean. However, increased vertical transport of water has the capacity to drastically alter the ocean thermocline. To help bound potential climate consequences of these activities, we perform a set of simulations involving idealized disruption of the ocean thermocline by greatly increasing vertical mixing in the upper ocean. We use an Earth System Model (ESM) to evaluate the likely thermal and hydrological response of the atmosphere to this scenario. In our model, increased vertical transport in the upper ocean decreases upward shortwave and longwave radiation at the top-of-the-atmosphere due primarily to loss of clouds and sea-ice over the ocean. This extreme scenario causes an effective radiative forcing of approximate to 15.5-15.9W m(-2), with simulations behaving on multi-decadal time scales as if they are approaching an equilibrium temperature approximate to 8.6-8.8 degrees C higher than controls. Within a century, this produces higher global mean surface temperatures than would have occurred in the absence of increased vertical ocean transport. In our simulations, disruption of the thermocline strongly cools the lower atmosphere over the ocean, resulting in high pressure anomalies. The greater land-sea pressure contrast is found to increase water vapour transport from ocean to land in the lower atmosphere and therefore increase global mean precipitation minus evaporation (P-E) over land; however, many high latitude regions and some low latitude regions experience decreased PE. Any real implementation of ocean pipe technologies would damage the thermal structure of the ocean to a lesser extent than simulated here; nevertheless, our simulations indicate the likely sign and character of unintended atmospheric consequences of such ocean technologies. Prolonged application of ocean pipe technologies, rather than avoiding global warming, could exacerbate long-term warming of the climate system.",biogeochemistry; oceanography; ocean pipes; thermocline,Article,2015.0,0.0,0.0,0.0,0.0,0.0,0.0,1.0,0.0,0.0,0.0,0.0,0.0,0.0,0.0,0.0,0.0,1.0,0.0,0.0,0.0,1.0,0.0,0.0,0.0,0.0,0.0,0.0,0.0,0.0,0.0,0.0,0.0,0.0,1.0,0.0,0.0,0.0,0.0,0.0,,,0,,1,1
5217969,Artificial Upwelling in Singular and Recurring Mode: Consequences for Net Community Production and Metabolic Balance,"Artificial upwelling of nutrient-rich waters and the corresponding boost in primary productivity harbor the potential to enhance marine fishery yields and strengthen the biological pump for sequestration of atmospheric CO2. There is increasing urgency to understand this technology as a ""ocean-based solution"" for counteracting two major challenges of the 21st century-climate change and overfishing. Yet, little is known about the actual efficacy and/or possible side effects of artificial upwelling. We conducted a large-scale off-shore mesocosm study (similar to 44 m(3)) in the oligotrophic waters of the Canary Islands to identify the community-level effects of artificial upwelling on a natural oligotrophic plankton community. Four upwelling intensities were simulated (approx. 1.5/3/5.7/10 mu mol L-1 of nitrate plus phosphate and silicate) via two different upwelling modes (a singular deep-water pulse vs. recurring supply every 4 days) for 37 days. Here we present results on the response of net community production (NCP), metabolic balance and phytoplankton community composition (<250 mu m). Higher upwelling intensities yielded higher cumulative NCP. Following upwelling onset, the phytoplankton community became dominated by diatoms in all treatments, but other taxa such as Coccolithophores increased later in the experiment. The magnitude of effects on the metabolic balance scaled with the amount of added deep water, leading to (i) a balanced to net-heterotrophic system in the singular and (ii) a net-autotrophic system in the recurring upwelling treatments. Accordingly, the mode in which nutrients are supplied to an oligotrophic system plays a crucial role in the ecosystem response, with recurring upwelling leading to higher long-term positive NCP than singular upwelling. These results highlight the importance of empirically measured local responses to upwelling such as community structure and metabolism, with major implications for the potential employment of artificial upwelling as an ocean-based solution to generate (primary) production.",artificial upwelling; metabolic balance; primary production; net community production; mesocosm; CHEMTAX,Article,2022.0,0.0,1.0,0.0,0.0,0.0,0.0,0.0,0.0,0.0,1.0,0.0,0.0,0.0,0.0,1.0,0.0,0.0,0.0,0.0,0.0,1.0,0.0,0.0,0.0,0.0,0.0,0.0,0.0,0.0,0.0,0.0,0.0,0.0,1.0,0.0,0.0,0.0,0.0,0.0,,,0,,1,1
158466,"Research for assessment, not deployment, of Climate Engineering: The German Research Foundation's Priority Program SPP 1689","The historical developments are reviewed that have led from a bottom-up responsibility initiative of concerned scientists to the emergence of a nationwide interdisciplinary Priority Program on the assessment of Climate Engineering (CE) funded by the German Research Foundation (DFG). Given the perceived lack of comprehensive and comparative appraisals of different CE methods, the Priority Program was designed to encompass both solar radiation management (SRM) and carbon dioxide removal (CDR) ideas and to cover the atmospheric, terrestrial, and oceanic realm. First, key findings obtained by the ongoing Priority Program are summarized and reveal that, compared to earlier assessments such as the 2009 Royal Society report, more detailed investigations tend to indicate less efficiency, lower effectiveness, and often lower safety. Emerging research trends are discussed in the context of the recent Paris agreement to limit global warming to less than two degrees and the associated increasing reliance on negative emission technologies. Our results show then when deployed at scales large enough to have a significant impact on atmospheric CO2, even CDR methods such as afforestation-often perceived as ""benign""-can have substantial side effects and may raise severe ethical, legal, and governance issues. We suppose that before being deployed at climatically relevant scales, any negative emission or CE method will require careful analysis of efficiency, effectiveness, and undesired side effects.",,Article,2017.0,1.0,0.0,0.0,0.0,0.0,0.0,0.0,1.0,0.0,0.0,0.0,0.0,0.0,0.0,0.0,0.0,0.0,0.0,1.0,0.0,1.0,0.0,0.0,1.0,0.0,0.0,0.0,0.0,0.0,0.0,0.0,1.0,0.0,0.0,0.0,0.0,0.0,0.0,1.0,,,0,,1,1
5299070,ARTIFICIAL UPWELLING IN REGULAR AND RANDOM WAVES,"Mathematical modeling conducted in this study evaluated the hydrodynamic performance of a wave-driven artificial upwelling device in ocean waves off the Hawaiian islands. The device consisted of a buoy (4.0 m in diameter) and a tail pipe (1.2 m in diameter, 300 m in length) with a flow controlling valve. Random ocean waves off the Hawaiian islands used in the device's modeling analysis were synthesized from a wave spectrum obtained from available data. For comparison, the device's performance was also evaluated in regular waves whose height and period are the same as the significant wave height and wave period of random Hawaiian waves. Modeling results indicated that an upwelling flow of 0.95 m(3)/sec can be generated by this device in random Hawaiian waves and an upwelling flow rate of 0.45 m(3)/sec can be generated in regular waves. A simple mathematical model which assumed that the device exactly follows the incident waves was used in previous studies. Analysis results also indicated that the simple model cannot satisfactorily simulate the relative velocity and acceleration of the water column in the device. Since the relative velocity and acceleration are important factors in determining the rate of upwelling flow, the simple model must be applied with caution.",,Article,1995.0,0.0,0.0,0.0,0.0,0.0,0.0,0.0,0.0,0.0,1.0,0.0,0.0,0.0,0.0,0.0,0.0,1.0,0.0,0.0,0.0,1.0,0.0,0.0,0.0,0.0,0.0,0.0,0.0,0.0,0.0,0.0,0.0,0.0,1.0,0.0,0.0,0.0,0.0,0.0,,,0,,1,1
5299067,Enhanced viral production and infection of bacterioplankton during an iron-induced phytoplankton bloom in the Southern Ocean,"We followed the viral response to Fe-enrichment over 3 weeks during the second iron-enrichment experiment (EisenEx) in the Southern Ocean. Although viral abundance increased in a rather constant way during the course of the experiment inside the patch, the production of bacterial viruses and the fraction of infected cells in bacterioplankton exhibited pronounced maxima on days 7 and 21. In contrast, these parameters remained fairly constant outside the Fe-fertilized patch. Viral production was also stimulated directly after the Fe-enrichment. Within the Fe-replete patch, viral abundance and production was on average 2- and 3-fold, respectively, higher than outside the patch. On average 40% of the bacteria contained viruses in a lytic stage inside the Fe-replete patch compared to 21% outside the patch. About 11-12% of the bacteria contained a viral genome inducible with mitomycin C in both inside and outside the patch. Randomly amplified polymorphic desoxyribonucleic acid polymerase chain reaction analysis suggested the development of a specific viral community in the patch. Although short-term stimulation of viral production was likely due to increased bacterial activity, the long-term stimulation was likely also influenced by an increased encounter rate between bacterial viruses and hosts. Viral lysis was responsible for most of the bacterioplankton mortality in the patch. Overall, most of the bacterial carbon production entered the detrital or dissolved organic matter pool via the viral shunt in the patch.",,Article,2009.0,0.0,0.0,0.0,0.0,0.0,0.0,0.0,0.0,0.0,1.0,0.0,0.0,0.0,0.0,1.0,0.0,0.0,0.0,0.0,0.0,1.0,0.0,0.0,0.0,0.0,0.0,0.0,0.0,0.0,0.0,0.0,0.0,0.0,1.0,0.0,0.0,0.0,0.0,0.0,,,0,,1,1
317891,Response of the protozooplankton assemblage during the European Iron Fertilization Experiment (EIFEX) in the Antarctic circumpolar current,"Ocean iron fertilization experiments enable the quantitative study of processes shaping the structure and functioning of pelagic ecosystems following perturbation under in situ conditions. EIFEX was conducted within a stationary eddy adjacent to the Antarctic Polar Front over 38 days in February/March 2004 and induced a massive diatom bloom. Here, we present the responses in abundance and biomass of all identifiable protozooplankton taxa (heterotrophic protists ranging from 2 to 500 mm) during the bloom. Acantharia, dinoflagellates and ciliates together contributed >90% of protozooplankton biomass in the upper 100 m throughout the experiment with heterotrophic nanoflagellates, nassellaria, spumellaria, phaeodaria, foraminifera and the taxopodidean Sticholonche zanclea providing the remainder. Total protozooplankton biomass increased slightly from 1.0 to 1.3 g C m(-2) within the fertilized patch and remained at 0.7+0.04 g C m(-2) outside it. However, distinct trends in population build-up or decline were observed within the dominant taxa in each group. In general, smaller less-defended groups such as aloricate ciliates and athecate dinoflagellates declined, whereas the biomass of large, spiny and armoured groups, in particular acantharia, large tintinnids and thecate dinoflagellates increased inside the patch. We attribute the higher accumulation rates of defended taxa to selective, heavy grazing pressure by the large stocks of copepods. Of the defended taxa, acantharia had the lowest mortality rates and the highest biomass. Large stocks of tintinnid loricae in the deep water column identify this group as a relevant contributor to deep organic carbon export. Highest accumulation rates (0.11 day(-1)) were recorded in S. zanclea.",protozoa; rhizaria; sarcodines; Southern Ocean; top-down control,Article,2014.0,0.0,0.0,0.0,1.0,0.0,0.0,0.0,0.0,0.0,1.0,0.0,0.0,0.0,0.0,1.0,0.0,0.0,0.0,0.0,0.0,1.0,0.0,0.0,0.0,0.0,0.0,0.0,0.0,0.0,0.0,0.0,0.0,0.0,1.0,0.0,0.0,0.0,0.0,0.0,,,0,,1,1
5299056,The behaviour of iron and other trace elements during the IronEx-I and PlumEx experiments in the Equatorial Pacific,"Dissolved (< 0.4 mu m) and particulate (0.4-5 mu m and >5 mu m, leachable and refractory) trace elements were measured during the IronEx I and PlumEx experiments in October and November 1993 near the Galapagos Islands. Iron was measured in the enriched patch and at control stations over a 9 day period following fertilization. The dissolved iron was initially depleted at a rate that gave an iron half-life of 28-40 h. The loss rate gradually decreased, and dissolved iron concentrations did not decrease below about 0.25 nmol kg(-1) throughout the experiment. These results were most consistent with a kinetic model that was second order in iron concentration for the scavenging removal of each iron fraction. Other trace elements measured did not change significantly either in concentration or partitioning during the IronEx I experiment. Biological production tracked iron concentrations over time, which suggests that productivity within the fertilized patch was regulated by the availability of iron. The PlumEx study consisted primarily of two transects, a meridional course to the east of the Galapagos Islands and a zonal section to the west. Surface dissolved iron was very low at all stations except those near the Galapagos Islands. Sections of trace metal and other properties distinctly confirm the upwelling of the Equatorial Undercurrent as it intersects the islands. This upwelling has a great effect on the surface distributions of the trace metals on the west side of the islands. Productivity within the mixed layer of this region is highly correlated with iron and nitrate. West of the islands highest productivity is found at stations with the highest iron. North of the Equatorial front, in nitrate-depleted waters, elevated iron concentrations do not enhance productivity. (C) 1998 Elsevier Science Ltd. All rights reserved.",,Article,1998.0,1.0,0.0,0.0,0.0,0.0,0.0,0.0,0.0,0.0,1.0,0.0,0.0,0.0,0.0,1.0,0.0,1.0,0.0,0.0,0.0,1.0,0.0,0.0,0.0,0.0,0.0,0.0,0.0,0.0,0.0,0.0,0.0,0.0,1.0,0.0,0.0,0.0,0.0,0.0,,,0,,1,1
74281,New production and the f ratio around the Crozet Plateau in austral summer 2004-2005 diagnosed from seasonal changes in inorganic nutrient levels,"Recent mesoscale iron-fertilisation experiments suggest that iron may be an important micronutrient in HNLC regions but estimates of carbon export from such experiments are inconclusive. An alternative strategy to estimate export from such environments is to observe naturally productive ecosystems associated with topography. One such system is the Crozet islands and associated plateau (Crozet), at 46 degrees S, 52 degrees E. Each year a large bloom of phytoplankton occurs to the north of Crozet with a reduced bloom occurring to the south. We use nitrate data from the Crozet region collected during austral summer 2004-2005 to estimate new production (NP) via the Redfield ratio. Peak integrated values of up to 50 g C m(-2) to the north of the plateau and up to 15 g C m(-2) to the south are inferred. We estimate total integrated primary production (TP) using satellite techniques and calculate f for each station. Overall NP is linearly related to TP. However, f declines at very high levels of TP because nitrate usage ceases despite continuing PP and because nitrate levels increased from their postbloom low. This results either from a resupply of nitrate from beneath the thermocline due to mixing processes or to the mixed-layer ammonification and nitrification of accumulated organic nitrogen. We discount the first possibility because our estimates of the mixing flux of nitrate appear to be inadequate to cause the entire recovery in nitrate levels, and because any mixing flux of nitrate would likely be accompanied by a resupply of iron, which would induce NP to occur and erode the resupply of nitrate. Instead we consider the recycling of accumulated organic nitrogen to be a more likely explanation based on our observation of high organic nitrogen levels in the mixed layer north of Crozet during the cruise. The implications of this conclusion are that euphotic zone nitrification is a significant process, and that in this system new and export production are not equivalent. This recycling is sufficiently large that it reduces our estimate of NP north of the plateau to a level where it is equivalent to NP in the south. Whether a similar refertilisation of the mixed layer occurred in the south of the study region, which would be consistent with a meridional gradient in carbon export, is unknown due to the limited duration of the shipboard programme. (C) 2007 Elsevier Ltd. All rights reserved.",CROZEX; Southern Ocean; new production; export production; nitrate; chlorophyll,Article,2007.0,0.0,1.0,0.0,1.0,0.0,0.0,0.0,0.0,0.0,1.0,0.0,0.0,0.0,0.0,1.0,0.0,0.0,0.0,0.0,0.0,1.0,0.0,0.0,0.0,0.0,0.0,0.0,0.0,0.0,0.0,0.0,0.0,0.0,1.0,0.0,0.0,0.0,0.0,0.0,,,0,,1,1
178226,"Interactions between iron, light, ammonium, and nitrate: Insights from the construction of a dynamic model of algal physiology","A dynamic mechanistic mathematical model (FeLANIM) is described, capable of simulating the major documented interactions between iron, light, ammonium, and nitrate in phytoplankton. There are various points in the model where species- or group-specific (e.g. eukaryote vs. prokaryote) details may be altered. Cellular Fe-containing processes accounted for in the model are photosynthesis, oxidative phosphorylation, and nitrate assimilation; synthesis of photosystems and nitrate and nitrite reductase (NNiR) are functions of the surplus Fe quota (i.e. total Fe quota minus Fe in functional components). Model simulations were run using a range of different physiological parameters for Fe-dependent processes and contrasting ammonium-nitrate interaction scenarios. Model output indicated the following interactions. Because the proportion of Fe in photosystems varies with irradiance, it is not possible to have a single Fe cost for nitrate assimilation. Fe stress can affect the relationship between ammonium and nitrate assimilations (the f-ratio), with a more rapid depression of nitrate use at lower concentrations of ammonium. However, depending on the degree of the repression of nitrate assimilation at high N:C, such a result may not be universal, and further experimental studies are required to clarify this issue. Fe refeeding results in a rapid recovery of growth rate accompanied by a proportionately greater increase in the amount of chi a within 24-48 h. Estimates of enhanced production in iron fertilization experiments based only on increases in pigment may thus be exaggerated. Stimulation of NNiR activity on Fe refeeding appears indirect, through enhancement of photosynthesis rather than relief of nitrate stress. During Fe refeeding at high light, N nutrient transport increases proportionately more in nitrate-fed cells than in ammonium-fed cells. Changing the N source supplied to simulated Fe-stressed cells from nitrate to ammonium results in a rapid increase in growth rate and iron use efficiency with an increase in pigment content as NNiR content declines. When nitrate replaces ammonium, acclimation is slower because of the redirection of Fe formerly associated in photosystems to NNiR. Manipulation of the model may prove useful as an indicator for new research, by revealing elements of physiology that may be most significant in determining competitive advantage between species.",ammonium; f-ratio; HNLC; iron; light; model; nitrate; NR; phytoplankon,Article,1999.0,0.0,0.0,0.0,0.0,0.0,0.0,0.0,0.0,0.0,1.0,0.0,0.0,0.0,0.0,0.0,0.0,1.0,0.0,0.0,0.0,1.0,0.0,0.0,0.0,0.0,0.0,0.0,0.0,0.0,0.0,0.0,0.0,0.0,1.0,0.0,0.0,0.0,0.0,0.0,,,0,,1,1
5299041,Dynamics of particulate and dissolved organic and inorganic phosphorus during the peak and declining phase of an iron-induced phytoplankton bloom in the eastern subarctic Pacific,"Phosphorus (P) is an essential element for all organisms and thus the P cycle plays a key role in determining the dynamics of lower trophic levels in marine ecosystems. P in seawater occurs conceptually in particulate and dissolved organic and inorganic (POP, PIP, DOP, and DIP, respectively) pools and clarification of the dynamics in these P pools is the basis to assess the biogeochemical cycle of P. Despite its importance, behaviors of each P pool with phytoplankton dynamics have not been fully examined. We measured the four operationally defined P pools (POPop, PIPop, DOPop, and SRP) during an iron-induced phytoplankton bloom (as part of the subarctic ecosystem response to iron enrichment study (SERIES)) in the eastern subarctic Pacific in summer 2002. During our observations of the iron-enriched patch from day 15 to day 26 after the iron infusion, chlorophyll-alpha concentration in the surface layer decreased from 6.3 to 1.2 mu g L-1, indicating the peak through decline phase of the phytoplankton bloom. At the bloom peak, P was partitioned into POPop, PIPop, and DOPop in proportions of 60, 27, and 13%, respectively. While chlorophyll-alpha and POPop showed similar temporal variations during the declining phase, PIPop showed a different peak timing with a 2 day delay compared to POPop, resulting in a rapid change in the relative proportion of PIPop to total particulate P (TPP = POPop + PIPop) at the peak (25%) and during the declining phase of the bloom (50%). A part of POPop was replaced by PIPop just after slowing down of phytoplankton growth. This process may have a significant role in the subsequent regeneration of P. We conclude that measurement of TPP alone is insufficient to show the interaction between P and phytoplankton dynamics and fractionation of TPP into POPop and PIPop provides useful insights to clarify the biogeochemical cycle of P.",Phosphorus; Organic matter; Inorganic matter; Phytoplankton bloom,Article,2018.0,0.0,0.0,0.0,0.0,0.0,0.0,0.0,0.0,0.0,1.0,0.0,0.0,0.0,0.0,1.0,0.0,0.0,0.0,0.0,0.0,1.0,0.0,0.0,0.0,0.0,0.0,0.0,0.0,0.0,0.0,0.0,0.0,0.0,1.0,0.0,0.0,0.0,0.0,0.0,,,0,,1,1
29662,Reproductive response of the copepod Rhincalanus gigas to an iron-induced phytoplankton bloom in the Southern Ocean,"The reproductive response of Rhincalanus gigas to the build up of a phytoplankton bloom in the Southern Ocean was studied during the European iron fertilization experiment (EIFEX). Egg production experiments were conducted over a period of approximately 5 weeks during development of a diatom dominated bloom. R. gigas showed a clear response to increasing chlorophyll a concentrations and the total egg production of the R. gigas population was highest just after the peak of the bloom at day 29 after fertilization. The average peak production was 50 eggs female(-1) day(-1). The percentage of egg producing females increased from about 0 to 90% during the course of the experiment. Accordingly, the maturation of the gonads reflected the positive response towards enhanced chlorophyll a concentrations. The fast reproductive response indicate that R. gigas was food limited during the period of this study in the Antarctic Polar Front region (APF).",,Article,2006.0,0.0,0.0,0.0,0.0,0.0,0.0,0.0,0.0,0.0,1.0,0.0,0.0,0.0,0.0,1.0,0.0,0.0,0.0,0.0,0.0,1.0,0.0,0.0,0.0,0.0,0.0,0.0,0.0,0.0,0.0,0.0,0.0,0.0,1.0,0.0,0.0,0.0,0.0,0.0,,,0,,1,1
610670,Research progress in artificial upwelling and its potential environmental effects,"Artificial upwelling, as a geoengineering tool, has received worldwide attention because it may actualize ocean fertilization in a sustainable way, which could potentially alleviate the pressures on the fish stocks and human-driven climate change in the ocean. We reviewed the current knowledge on the development of an artificial upwelling system and its potential environmental effects. Special attention was given to the research progress on the air-lift concept artificial upwelling by Zhejiang University. The research on artificial upwelling over the past few decades has generated a range of devices that have been successfully applied in the field for months. Based on field experiments and the associated modeling results, part of them reported positive effects on increasing primary production and enhancing CO2 sequestration. However, as a significant disturbance to the environment, especially for large-scale applications, the uncertainties related to the potential effects on ecosystem remain unsolved. Zhejiang University has overcome the technical challenges in designing and fabricating a robust and high efficiency artificial upwelling device which has been examined in two field experiments in Qiandao Lake and one sea trial in the East China Sea. It was investigated that cold and hypoxic deep ocean water (DOW) could be uplifted to the euphotic layer, which could potentially change the nutrient distribution and adjust the N/P ratio. Both simulation and field experiments results confirmed that utilizing self-powered energy to inject compressed air to uplift DOW was a valid and efficient method. Therefore, further field-based research on artificial upwelling, especially for long-term field research is required to test the scientific hypothesis.",Artificial upwelling; Air-lifting; Self-powered; Environmental impacts; Research progress,Review,2016.0,0.0,1.0,0.0,0.0,0.0,0.0,0.0,0.0,0.0,1.0,0.0,0.0,0.0,0.0,0.0,0.0,0.0,0.0,1.0,0.0,1.0,0.0,0.0,0.0,0.0,0.0,0.0,0.0,0.0,0.0,0.0,0.0,0.0,1.0,0.0,0.0,0.0,0.0,0.0,,,0,,1,1
532139,Relative roles of coastal and oceanic processes in determining physical and chemical characteristics of an intensively sampled nearshore system,"We compared the extent to which offshore and remote-sensing measurements of sea surface temperature (SST), upwelling, and chlorophyll a (Chl a) were concordant with in situ measurements of temperature, Chl a, and water nutrients at Tatoosh Island, Washington for the past 8 yr. Offshore SSTs were significantly correlated with water temperatures at Tatoosh, though consistently 2 degrees C to 3 degrees C warmer. Sea-viewing wide field-of-view sensor Chl a estimates were poor predictors of Chl a at Tatoosh Island measured with an anchored fluorometer. Nitrate and phosphorus estimates at Tatoosh Island were positively correlated with an upwelling index and negatively correlated with SST, as would be expected from an upwelling source. In contrast, ammonium and nitrite were uncorrelated with the upwelling index or SST and showed elevated levels immediately adjacent to Tatoosh Island, suggesting strong local effects of marine invertebrates, birds, and mammals on nutrient dynamics and cycling in coastal ecosystems.",,Article,2007.0,0.0,0.0,0.0,0.0,0.0,0.0,0.0,0.0,0.0,0.0,0.0,0.0,0.0,0.0,0.0,0.0,0.0,0.0,0.0,0.0,0.0,0.0,0.0,0.0,0.0,0.0,0.0,0.0,0.0,0.0,0.0,0.0,0.0,0.0,0.0,0.0,0.0,0.0,0.0,,,0,,0,0
418519,Can carbon cycle geoengineering be a useful complement to ambitious climate mitigation?,"Any human intervention in environmental systems carries risk of adverse consequences. Planetary-scale intervention carries the potential for planetary-scale risk. Continued emissions of greenhouse gases represent an unintentional planetary-scale human intervention in the climate system, which is resulting in global consequences that will become increasingly harmful to both human and environmental systems. The most appropriate response to this problem is to decrease the level of overall human intervention in the climate system by decreasing greenhouse gas emissions. However, owing to the slow progress of mitigation efforts, many scientists are starting to suggest alternate climate interventions as a strategy to decrease or avert some of the anticipated impacts of global warming. In this review, I will consider the role of some forms of climate intervention those aimed at accelerating the slow natural removal of atmospheric CO, as possible complements to aggressive mitigation policy, for the purpose of expanding the range of attainable long-term climate targets.",,Review,2010.0,1.0,1.0,0.0,0.0,0.0,0.0,0.0,1.0,0.0,0.0,0.0,0.0,0.0,0.0,0.0,0.0,0.0,0.0,1.0,0.0,1.0,0.0,0.0,0.0,0.0,0.0,0.0,0.0,0.0,0.0,0.0,1.0,0.0,0.0,0.0,0.0,0.0,0.0,0.0,,,0,,1,1
686342,Role of heterotrophic dinoflagellate Gyrodinium sp in the fate of an iron induced diatom bloom,"Iron enrichment to high-nutrient low-chlorophyll (HNLC) regions is being considered as a possible way of atmospheric CO2 sequestration to the deep sea. Mesoscale iron-enrichment to the HNLC subarctic Pacific induced a massive diatom bloom and led to a large decrease in pCO(2). In response to the diatom bloom, the heterotrophic dinoflagellate Gyrodinium sp. increased and phagotrophically fed on the diatoms up to 12 times their length. Mathematical simulations show the carbon fixed by diatoms is mostly respired by Gyrodinium sp. in the sea surface. The emergence of initially rare species and their key biogeochemical roles were unexpected due to our limited understanding of food-web components. This indicates that the prediction of ecosystem responses to natural or anthropogenic perturbation remains a challenging issue. Effective carbon sequestration as a geoengineering technique may not be accomplished by purposeful iron-enrichment, at least in the western subarctic Pacific where rapid-growth diatom grazers stand by.",,Article,2006.0,0.0,0.0,0.0,1.0,0.0,0.0,0.0,0.0,0.0,1.0,0.0,0.0,0.0,0.0,0.0,0.0,1.0,0.0,0.0,0.0,1.0,0.0,0.0,0.0,0.0,0.0,0.0,0.0,0.0,0.0,0.0,0.0,0.0,1.0,0.0,0.0,0.0,0.0,0.0,,,0,,1,1
5299016,Mesozooplankton grazing manipulations during in vitro iron enrichment studies in the NE subarctic Pacific,"IronEx I demonstrated a rapid and marked response by grazers to Fe-induced increases in phytoplankton stocks, which was thought to be due, in part, to arrested vertical migration by mesozooplankton. These observations prompted an investigation of the relative roles of Fe enrichment and grazing pressure in controlling the magnitude of phytoplankton stocks in the NE subarctic Pacific. The grazing impact of increased mesozooplankton abundance in response to a localised Fe-induced enhancement of algal biomass was simulated by performing in vitro (6 d) grazer perturbation experiments in May 1994 and September 1995 at Ocean Station Papa (OSP), when pelagic mesozooplankton stocks are usually at their annual maximum and submaximal, respectively. Manipulations were designed to increase mesozooplankton stocks in 25L carboys after various lag-times corresponding to grazing pressure greater or equal to that in situ, and to monitor changes in chlorophyll a levels as a proxy for grazing pressure. At the onset of the experiments, in vitro mesozooplankton abundances were comparable to those in situ. Despite the addition of mesozooplankton to selected Fe-enriched carboys in May after 24, 48 and 72 h, corresponding to ca. two-fold increases in their abundances, chlorophyll a increased to ca. 2 mu g l(-1) in all treatments. In September, chlorophyll a levels increased five-fold to 2 mu g l(-1) after 4 days - but little thereafter - in the presence of up to ten-fold higher animal abundances (added at t = 0) than observed in situ. Thus, Fe-induced increases in diatom growth rates were sufficiently high to escape both initial and additional grazing pressure. If and when Fe is supplied to this region, it is unlikely that mesozooplankton can respond and graze down the resulting elevated algal abundance. Theoretical calculations, based on algal growth and grazing rate data from May in this study, suggested that a greater than five-fold increase in mesozooplankton abundance, after a 48-h lag, is required to exert sufficient grazing pressure to prevent Fe-mediated increases in algal biomass. These findings are discussed in relation to the scale dependency of such events, and the pelagic ecology of other High Nitrate Low Chlorophyll regions. (C) 1999 Elsevier Science Ltd. All rights reserved.",,Article,1999.0,0.0,0.0,0.0,0.0,0.0,0.0,0.0,0.0,0.0,1.0,0.0,0.0,0.0,0.0,1.0,0.0,0.0,0.0,0.0,0.0,1.0,0.0,0.0,0.0,0.0,0.0,0.0,0.0,0.0,0.0,0.0,0.0,0.0,1.0,0.0,0.0,0.0,0.0,0.0,,,0,,1,1
153258,Physical and biological controls on the latitudinal asymmetry of surface nutrients and pCO(2) in the central and eastern equatorial Pacific,"[ 1] Surface nutrients and dissolved inorganic carbon ( DIC) in the central ( CEP) and eastern equatorial Pacific ( EEP) show much higher concentrations to the south than to the north of the equator. In this study, the physical and biological controls on this asymmetry are investigated using a coupled physical-biogeochemical model. Two numerical experiments are conducted to examine the effects of asymmetrical photosynthetic efficiency ( a) due to asymmetrical iron supply about the equator. The experiment with asymmetrical photosynthesis produces improved results as compared with historical observations. A nitrate budget analysis suggests that in the EEP the divergence of upwelling waters controls the surface nitrate asymmetry with additional contribution from the South Equatorial Current ( SEC) carrying nutrient-rich Peru upwelling water. The changes of a affect the surface nitrate distribution but not the overall asymmetry. The SEC further carries excess nitrate to the west and thus extends the asymmetry in the east to the CEP. In the CEP, however, stronger northward than southward transport tends to reduce the nitrate asymmetry, while the asymmetrical photosynthesis would help to maintain it. Similar processes also control the distributions of surface silicate and DIC in the equatorial Pacific, which is also affected by the air-sea CO2 exchange. The asymmetrical photosynthesis influences the distribution of surface DIC, pCO(2), and the air-sea CO2 flux, by redistributing about 20% CO2 flux from the north to the south of the equator. Owing to the adjustment of air-sea CO2 flux, however, the net surface DIC change is smaller than the direct change associated with primary production.",,Article,2005.0,0.0,0.0,0.0,0.0,0.0,0.0,1.0,0.0,0.0,0.0,0.0,0.0,0.0,0.0,0.0,0.0,0.0,0.0,0.0,0.0,0.0,0.0,0.0,0.0,0.0,0.0,0.0,0.0,0.0,0.0,0.0,0.0,0.0,0.0,0.0,0.0,0.0,0.0,0.0,,,0,,0,0
258979,Spatial and temporal variability of the dimethylsulfide to chlorophyll ratio in the surface ocean: an assessment based on phytoplankton group dominance determined from space,"Dimethylsulfoniopropionate (DMSP) is produced in surface seawater by phytoplankton. Phytoplankton culture experiments have shown that nanoeucaryotes (NANO) display much higher mean DMSP-to-Carbon or DMSP-to-Chlorophyll (Chl) ratios than Prochlorococcus (PRO), Synechococcus (SYN) or diatoms (DIAT). Moreover, the DMSP-lyase activity of algae which cleaves DMSP into dimethylsulfide (DMS) is even more group specific than DMSP itself. Ship-based observations have shown at limited spatial scales, that sea surface DMS-to-Chl ratios (DMS: Chl) are dependent on the composition of phytoplankton groups. Here we use satellite remote sensing of Chl (from SeaWiFS) and of Phytoplankton Group Dominance (PGD from PHYSAT) with ship-based sea surface DMS concentrations (8 cruises in total) to assess this dependence on an unprecedented spatial scale. PHYSAT provides PGD (either NANO, PRO, SYN, DIAT, Phaeocystis (PHAEO) or coccolithophores (COC)) in each satellite pixel (1/4 degrees horizontal resolution). While there are identification errors in the PHYSAT method, it is important to note that these errors are lowest for NANO PGD which we typify by high DMSP: Chl. In summer, in the Indian sector of the Southern Ocean, we find that mean DMS: Chl associated with NANO + PHAEO and PRO + SYN + DIAT are 13.6 +/- 8.4 mmol g(-1) (n = 34) and 7.3 +/- 4.8 mmol g(-1) (n = 24), respectively. That is a statistically significant difference (P < 0.001) that is consistent with NANO and PHAEO being relatively high DMSP producers. However, in the western North Atlantic between 40 degrees N and 60 degrees N, we find no significant difference between the same PGD. This is most likely because coccolithophores account for the non-dominant part of the summer phytoplankton assemblages. Meridional distributions at 22 degrees W in the Atlantic, and 95 degrees W and 110 degrees W in the Pacific, both show a marked drop in DMS: Chl near the equator, down to few mmol g(-1), yet the basins exhibit different PGD (NANO in the Atlantic, PRO and SYN in the Pacific). In tropical and subtropical Atlantic and Pacific waters away from the equatorial and coastal upwelling, mean DMS: Chl associated with high and low DMSP producers are statistically significantly different, but the difference is opposite of that expected from culture experiments. Hence, in a majority of cases PGD is not of primary importance in controlling DMS: Chl variations. We therefore conclude that water-leaving radiance spectra obtained simultaneously from ocean color sensor measurements of Chl concentrations and dominant phytoplankton groups can not be used to predict global fields of DMS.",,Article,2010.0,0.0,0.0,0.0,0.0,0.0,0.0,0.0,0.0,0.0,0.0,0.0,0.0,0.0,0.0,0.0,0.0,0.0,0.0,0.0,0.0,0.0,0.0,0.0,0.0,0.0,0.0,0.0,0.0,0.0,0.0,0.0,0.0,0.0,0.0,0.0,0.0,0.0,0.0,0.0,,,0,,0,0
316269,Going rogue? Scenarios for unilateral geoengineering,"The unilateral use of technologies for counteracting global warming is regarded as a threat by decision-makers, academics and the wider public, yet existing studies do not address the scenario in a systematic manner. I develop a conceptual framework for the study of unilateral geoengineering which distinguishes different types of actors, their capacities and decision-making contexts. Focusing on Ocean Iron Fertilization and Stratospheric Aerosol Injections, I develop several short- and long-term scenarios in which actors are conceivably both willing and able to deploy those technologies on a scale sufficient for impacting the climate system. Beyond being the first paper to develop a systematic approach to unilateral geoengineering, I show that some scenarios which stir public concern are implausible. (C) 2016 Elsevier Ltd. All rights reserved.",Geoengineering; Climate change; Ocean iron fertilization; Stratospheric aerosol injections; Unilateralism,Article,2016.0,0.0,0.0,0.0,0.0,0.0,0.0,0.0,1.0,0.0,0.0,0.0,0.0,0.0,0.0,0.0,0.0,0.0,1.0,0.0,0.0,1.0,0.0,0.0,0.0,0.0,0.0,0.0,0.0,0.0,0.0,0.0,0.0,0.0,1.0,0.0,0.0,0.0,0.0,0.0,,,0,,1,1
309384,Export is not enough: nutrient cycling and carbon sequestration,"The question of whether ocean iron fertilization (OIF) can yield verifiable carbon sequestration is often cast in terms of whether fertilization results in enhanced particle export, However, model studies show that oceanic carbon storage is only weakly related to global particle export-depending instead on an increase in the carbon associated with the pool of remineralized nutrients. The magnitude of such an increase depends on circulation, stoichiometric ratios and gas exchange. We argue that this puts serious challenges before efforts to properly credit OIF that must be taken into account at the design stage.",ocean iron fertilization; preformed nutrients; carbon sequestration,Review,2008.0,0.0,0.0,0.0,0.0,0.0,0.0,0.0,0.0,0.0,1.0,0.0,0.0,0.0,1.0,0.0,0.0,0.0,0.0,0.0,0.0,1.0,0.0,0.0,0.0,0.0,0.0,0.0,0.0,0.0,0.0,0.0,0.0,0.0,1.0,0.0,0.0,0.0,0.0,0.0,,,0,,1,1
4925808,Phytoplankton processes during a mesoscale iron enrichment in the NE subarctic Pacific: Part II - Nutrient utilization,"The subarctic Pacific is one of the three main regions in which phytoplankton productivity is limited by the availability of iron (Fe). During the Subarctic Ecosystem Response to Iron Enrichment (SERIES) experiment, the response of phytoplankton to the addition of Fe and the consequential effects on chemical and physical water properties were monitored. Over the duration of the Fe-induced phytoplankton bloom, macronutrient concentrations (nitrate (NO3) silicic acid (Si(OHM and phosphate (PO4)) were drawn down with Si(OH)4 being depleted to low concentrations (< 1 mu M) after 18 days. The dissolved Si(OH)(4): NO3 ratio varied between two phases of the bloom. From days 0 to 10 (phase 1), when all phytoplankton size classes increased in biomass, the dissolved Si(OH)(4):NO3 ratio of the seawater in the patch increased as a result of the greater drawdown of NO3. After day 10 (phase II), when diatoms dominated the patch, a rapid decline in Si(OH)4 concentrations resulted in a sharp decrease in the Si(OH)(4):NO3 ratio of the seawater. Increases in the suspended particulate biogenic silica (BSi) and particulate nitrogen (PN) resulted in a BSi: PN ratio of ca. 2 in the later stages of the Fe-induced bloom. The uptake of NO3 was enhanced due to the Fe enrichment. In the patch, absolute NO3 uptake rates increased in both large (>= 5 mu m) and small (< 5 mu m) cells with the large cells accounting for 84% of total measured NO3 uptake over the duration of the experiment. Biomass-specific N03 uptake rates also increased, but, in the small cells, the extent of the increase was largely dependent on the proxy for biomass used (PN or chlorophyll a). The photosynthetic efficiency of the phytoplankton assemblage was assessed at various stages of the bloom through the use of pulse amplitude-modulated (PAM) fluorometry. The trends in maximal and operational photochemical yields measured in the patch suggest that bloom termination resulted from a combination of Fe-stress and Si-stress. The observed changes in nutrient utilization during SERIES demonstrate the crucial role of Fe in regulating macronutrient inventories and NO3 uptake rates by phytoplankton in Fe-limited regions such as the NE subarctic Pacific. (c) 2006 Elsevier Ltd. All rights reserved.",SERIES Fe enrichment; NE subarctic Pacific; nitrate uptake; size-fractionated; new production; nutrient ratios,Article,2006.0,0.0,1.0,0.0,0.0,0.0,0.0,0.0,0.0,0.0,1.0,0.0,0.0,0.0,0.0,1.0,0.0,0.0,0.0,0.0,0.0,1.0,0.0,0.0,0.0,0.0,0.0,0.0,0.0,0.0,0.0,0.0,0.0,0.0,1.0,0.0,0.0,0.0,0.0,0.0,,,0,,1,1
